{
    "loss": 0.5008878707885742,
    "accuracy": 0.8719007968902588
}